protocol,dataset,ticker,price_mode,horizon,feature_set,model_type,model,seed,test_units,test_RMSE,test_MAE,test_MAPE,latest_RMSE,latest_MAE,latest_MAPE,RMSE_ratio_vs_latest,MAE_ratio_vs_latest,MAPE_ratio_vs_latest,passes_latest_rmse_gate,dataset_label
sampled-origin zero-shot foundation audit,etf_basket,SLV,raw_close,10,univariate close,chronos-t5-small,Chronos-T5-small zero-shot,,96,5.28896773840813,3.009072184562683,6.344556692459162,5.772038167686892,3.0705207784970603,6.276977461767169,0.9163085178502294,0.9799875661598828,1.010766205726182,1,ETF basket
sampled-origin zero-shot foundation audit,sp100_largecap,BK,raw_close,10,univariate close,chronos-t5-small,Chronos-T5-small zero-shot,,96,3.361322614216584,2.490648110707601,2.820786773153423,3.645911467819441,2.541249752044679,2.845976846127855,0.9219430158645444,0.9800878912840564,0.991148883375947,1,S&P 100 subset
sampled-origin zero-shot foundation audit,nasdaq_large_tech,AMD,raw_close,1,univariate close,chronos-t5-small,Chronos-T5-small zero-shot,,96,4.946388181164055,3.3440664609273267,1.9649206421274252,5.3195701794075605,3.5947912534077946,2.071179651020126,0.9298473399809406,0.9302533096343812,0.948696382353716,1,Nasdaq large-tech
full rolling-origin supervised audit,hang_seng_largecap,0267.HK,raw_close,10,ohlcv,patchtst,PatchTST-style,777.0,556,0.5654654974005182,0.4285689137822432,4.52715760468963,0.602172795459678,0.4649820302030165,4.806445716186308,0.9390419189708852,0.9216891964515816,0.941893006186226,1,Hang Seng large-cap
sampled-origin zero-shot foundation audit,dow30,KO,adjusted_close,5,univariate close,chronos-t5-small,Chronos-T5-small zero-shot,,96,1.244953923969075,0.9601875940958656,1.4558408088545511,1.321013842150475,1.0517058372497556,1.5874100815842396,0.9424230725261878,0.9129811398658648,0.9171170233476268,1,Dow 30
sampled-origin zero-shot foundation audit,hang_seng_largecap,0267.HK,adjusted_close,1,univariate close,chronos-t5-small,Chronos-T5-small zero-shot,,96,0.1905831546782697,0.1440078963836034,1.5582650895183647,0.2013256598229774,0.147596463561058,1.6006931988894464,0.9466411526769442,0.9756866317059818,0.9734939153858352,1,Hang Seng large-cap
sampled-origin zero-shot foundation audit,hang_seng_largecap,0941.HK,raw_close,5,univariate close,chronos-t5-small,Chronos-T5-small zero-shot,,96,1.626743880704116,1.3159117301305134,1.686618983571084,1.7175104730173394,1.3677078485488892,1.742945852924752,0.9471522335734212,0.962129252622678,0.9676829493818476,1,Hang Seng large-cap
sampled-origin zero-shot foundation audit,hang_seng_largecap,3690.HK,raw_close,10,univariate close,chronos-t5-small,Chronos-T5-small zero-shot,,96,8.993005614997358,7.333695729573567,6.012973694922376,9.44422392439806,7.614063024520873,6.184422265717165,0.9522228281526626,0.96317770235886,0.9722773505060932,1,Hang Seng large-cap
sampled-origin zero-shot foundation audit,sp100_largecap,GS,adjusted_close,10,univariate close,chronos-t5-small,Chronos-T5-small zero-shot,,96,33.73788801910407,24.78813298543294,3.9894711215834,35.31897665542161,26.569599787394207,4.230741684012695,0.955234019044693,0.9329509357981948,0.9429720412047328,1,S&P 100 subset
sampled-origin zero-shot foundation audit,hang_seng_largecap,1109.HK,adjusted_close,10,univariate close,chronos-t5-small,Chronos-T5-small zero-shot,,96,2.0689735498578385,1.5061959822972617,5.827889514315277,2.164409561702496,1.5690205494562786,6.0573145833993705,0.9559066761054278,0.9599593726284924,0.9621242935420832,1,Hang Seng large-cap
sampled-origin zero-shot foundation audit,hang_seng_largecap,0267.HK,raw_close,1,univariate close,chronos-t5-small,Chronos-T5-small zero-shot,,96,0.2086888708829805,0.1587016880512237,1.665255455932756,0.2182029263572976,0.1585416893164316,1.6557424360174011,0.9563981307072924,1.0010091902986649,1.005745470858521,1,Hang Seng large-cap
sampled-origin zero-shot foundation audit,etf_basket,GLD,adjusted_close,10,univariate close,chronos-t5-small,Chronos-T5-small zero-shot,,96,13.885902038873152,9.120107491811114,2.8670361142247978,14.51172618783215,9.884896596272789,3.0870800318478064,0.9568745894968896,0.9226305407433352,0.9287210194251754,1,ETF basket
sampled-origin zero-shot foundation audit,hang_seng_largecap,0992.HK,raw_close,10,univariate close,chronos-t5-small,Chronos-T5-small zero-shot,,96,0.8817229677084212,0.6395679612954457,6.4247962777037175,0.9207792204015426,0.6876041740179062,6.850818843170463,0.957583477311652,0.93013973076724,0.9378143583680592,1,Hang Seng large-cap
sampled-origin zero-shot foundation audit,etf_basket,SLV,raw_close,5,univariate close,chronos-t5-small,Chronos-T5-small zero-shot,,96,3.856647969943342,1.8434964219729104,3.748659573014704,4.014604301536133,1.894687394301097,3.871930235751237,0.9606545702319028,0.972981837277136,0.9681629948808682,1,ETF basket
sampled-origin zero-shot foundation audit,sp100_largecap,GOOG,raw_close,5,univariate close,chronos-t5-small,Chronos-T5-small zero-shot,,96,9.755984190169984,6.905348618825276,3.273633613366637,10.146656009307923,7.319688161214192,3.4607683679447416,0.9614974806695368,0.9433938259030716,0.9459268189366749,1,S&P 100 subset
sampled-origin zero-shot foundation audit,dow30,TRV,adjusted_close,5,univariate close,chronos-t5-small,Chronos-T5-small zero-shot,,96,6.9820993100629805,5.185460090637208,2.0760312781195185,7.251653913249701,5.417238553365074,2.1727729820313835,0.9628285345093194,0.957214647196238,0.9554754662765464,1,Dow 30
sampled-origin zero-shot foundation audit,sp100_largecap,KO,adjusted_close,1,univariate close,chronos-t5-small,Chronos-T5-small zero-shot,,96,0.7039806339476777,0.479246775309245,0.7117340666476439,0.729849197898157,0.5096495946248374,0.7569356728055388,0.9645562891279782,0.9403456421112776,0.9402834246266164,1,S&P 100 subset
sampled-origin zero-shot foundation audit,dow30,CSCO,raw_close,5,univariate close,chronos-t5-small,Chronos-T5-small zero-shot,,96,2.0023721979663494,1.5270966291427612,2.4300548797320003,2.075160427656962,1.5494794050852452,2.4334118692153206,0.964924046969806,0.98555464766487,0.9986204598055146,1,Dow 30
sampled-origin zero-shot foundation audit,hang_seng_largecap,0005.HK,adjusted_close,10,univariate close,chronos-t5-small,Chronos-T5-small zero-shot,,96,4.326155077101916,3.172672231992086,3.6179550872901305,4.480927069459094,3.2942285140355434,3.747970013362666,0.9654598278530204,0.9631002277086884,0.9653105746286677,1,Hang Seng large-cap
sampled-origin zero-shot foundation audit,sp100_largecap,IBM,raw_close,5,univariate close,chronos-t5-small,Chronos-T5-small zero-shot,,96,8.889893985707,6.384810606638591,2.6522067975754693,9.19498079006938,6.704999128977459,2.7867466907135525,0.9668202890981702,0.9522462991896468,0.9517215204430246,1,S&P 100 subset
sampled-origin zero-shot foundation audit,sp100_largecap,GOOG,adjusted_close,10,univariate close,chronos-t5-small,Chronos-T5-small zero-shot,,96,13.409827951361358,9.626934210459392,4.463564489696829,13.86721197135634,9.754940032958986,4.486454609316741,0.967016872537916,0.986877846294585,0.9948979491350748,1,S&P 100 subset
sampled-origin zero-shot foundation audit,sp100_largecap,GOOGL,adjusted_close,10,univariate close,chronos-t5-small,Chronos-T5-small zero-shot,,96,13.513086701942958,9.77799622217814,4.556213298304209,13.972291695085609,9.817400137583416,4.52507876002861,0.9671345973041656,0.9959863186940474,1.00688044118715,1,S&P 100 subset
sampled-origin zero-shot foundation audit,etf_basket,EEM,adjusted_close,10,univariate close,chronos-t5-small,Chronos-T5-small zero-shot,,96,1.6378736437004515,1.225541273752848,2.605873157025644,1.6911351261503016,1.2282370328903192,2.5752442319259496,0.9685054839047104,0.9978051800545962,1.0118936001176042,1,ETF basket
sampled-origin zero-shot foundation audit,dow30,CSCO,adjusted_close,10,univariate close,chronos-t5-small,Chronos-T5-small zero-shot,,96,2.549015583487932,1.9867138465245564,3.2236054020058824,2.631730844298365,1.9481899340947464,3.1111015013176684,0.9685700150569594,1.0197742077174372,1.036162079778035,1,Dow 30
sampled-origin zero-shot foundation audit,sp100_largecap,BK,adjusted_close,10,univariate close,chronos-t5-small,Chronos-T5-small zero-shot,,96,3.515491677222163,2.555666685104369,2.9532996286938813,3.628749881589624,2.5311742226282745,2.903122624586874,0.9687886440060052,1.0096763242360547,1.0172838045772,1,S&P 100 subset
sampled-origin zero-shot foundation audit,hang_seng_largecap,0992.HK,adjusted_close,5,univariate close,chronos-t5-small,Chronos-T5-small zero-shot,,96,0.6080460062166315,0.4661693274974821,4.764647317282056,0.6274144133683242,0.4772877991199492,4.866163400705662,0.9691298020271611,0.9767048903345782,0.9791383734855914,1,Hang Seng large-cap
sampled-origin zero-shot foundation audit,nasdaq_large_tech,GOOGL,raw_close,5,univariate close,chronos-t5-small,Chronos-T5-small zero-shot,,96,10.053762354022073,7.333239873250325,3.5166600512121504,10.35706360540838,7.370311896006264,3.490630912040418,0.9707155171637716,0.9949700876599228,1.0074568580373102,1,Nasdaq large-tech
sampled-origin zero-shot foundation audit,dow30,CRM,adjusted_close,1,univariate close,chronos-t5-small,Chronos-T5-small zero-shot,,96,4.45119477085154,3.190889676411949,1.2606636757621617,4.580411741726108,3.3197984695434597,1.3193694956218696,0.9717892237290718,0.9611696931864548,0.9555046406222713,1,Dow 30
sampled-origin zero-shot foundation audit,nasdaq_large_tech,PANW,raw_close,1,univariate close,chronos-t5-small,Chronos-T5-small zero-shot,,96,3.4971173374304034,2.822915236155193,1.6010375908509542,3.5985306916380444,2.831093947092691,1.6048270559818552,0.9718181216452324,0.9971111128453024,0.9976387080983112,1,Nasdaq large-tech
sampled-origin zero-shot foundation audit,sp100_largecap,AIG,adjusted_close,1,univariate close,chronos-t5-small,Chronos-T5-small zero-shot,,96,1.228019939269581,0.8458143870035807,1.1161347030603204,1.260999707552774,0.8791977564493815,1.1632396326176315,0.9738463315370652,0.9620297376774268,0.9595053949018988,1,S&P 100 subset
sampled-origin zero-shot foundation audit,sp100_largecap,GOOGL,raw_close,5,univariate close,chronos-t5-small,Chronos-T5-small zero-shot,,96,10.091770236589234,7.210601965586345,3.450522370527916,10.35706360540838,7.370311896006264,3.490630912040418,0.974385271837028,0.978330641542258,0.9885096584190116,1,S&P 100 subset
sampled-origin zero-shot foundation audit,hang_seng_largecap,0700.HK,adjusted_close,5,univariate close,chronos-t5-small,Chronos-T5-small zero-shot,,96,21.707687358457136,16.057143529256184,3.50812821213689,22.271150816355625,16.308634122212727,3.5534170881924934,0.9746998499294124,0.984579297624072,0.9872548381089032,1,Hang Seng large-cap
sampled-origin zero-shot foundation audit,sp100_largecap,CSCO,adjusted_close,10,univariate close,chronos-t5-small,Chronos-T5-small zero-shot,,96,2.566486001075873,2.020597775777181,3.2574833367945075,2.631731403843672,1.948191165924072,3.111103423473853,0.9752081832239766,1.037166070311568,1.0470508026882652,1,S&P 100 subset
sampled-origin zero-shot foundation audit,hang_seng_largecap,2318.HK,adjusted_close,10,univariate close,chronos-t5-small,Chronos-T5-small zero-shot,,96,3.699768299506316,2.6387548645337424,5.826126010903973,3.792195249342647,2.65774937470754,5.779732915808236,0.975627059326032,0.9928531597619554,1.0080268579485476,1,Hang Seng large-cap
sampled-origin zero-shot foundation audit,dow30,GS,adjusted_close,10,univariate close,chronos-t5-small,Chronos-T5-small zero-shot,,96,34.468244303293204,25.94105116526286,4.136519801931601,35.31897687012859,26.5696013768514,4.2307419632311,0.9759128762431706,0.976343257745065,0.9777291637924568,1,Dow 30
sampled-origin zero-shot foundation audit,dow30,NVDA,raw_close,1,univariate close,chronos-t5-small,Chronos-T5-small zero-shot,,96,3.448276138293533,2.5853360891342168,1.899060003476694,3.531022470362118,2.624708453814188,1.8947566110229697,0.9765659004542956,0.9849993378796964,1.0022712112092331,1,Dow 30
sampled-origin zero-shot foundation audit,sp100_largecap,GOOGL,adjusted_close,5,univariate close,chronos-t5-small,Chronos-T5-small zero-shot,,96,10.106406309510277,7.353408177693685,3.529427286332682,10.347784123015485,7.359625975290935,3.496519105781294,0.9766734780475044,0.9991551476096576,1.0094116976214933,1,S&P 100 subset
sampled-origin zero-shot foundation audit,hang_seng_largecap,0992.HK,raw_close,5,univariate close,chronos-t5-small,Chronos-T5-small zero-shot,,96,0.6366889453172646,0.4793423612912496,4.691723925075258,0.6518635664084979,0.4907292127609253,4.804968573763366,0.9767211700834284,0.9767960594691084,0.9764317608014214,1,Hang Seng large-cap
sampled-origin zero-shot foundation audit,nasdaq_large_tech,GOOG,adjusted_close,10,univariate close,chronos-t5-small,Chronos-T5-small zero-shot,,96,13.549692983681934,9.741282304128012,4.497834913679086,13.86721364954146,9.754940032958984,4.486454359144365,0.9771027782592774,0.9985999166796692,1.002536647789925,1,Nasdaq large-tech
sampled-origin zero-shot foundation audit,hang_seng_largecap,0700.HK,raw_close,5,univariate close,chronos-t5-small,Chronos-T5-small zero-shot,,96,21.87186254462887,16.184210141499843,3.5584529027638987,22.382305453521955,16.363541920979817,3.544594328648617,0.9771943551591212,0.9890407724473116,1.0039097772073018,1,Hang Seng large-cap
sampled-origin zero-shot foundation audit,sp100_largecap,C,adjusted_close,10,univariate close,chronos-t5-small,Chronos-T5-small zero-shot,,96,4.713428418797123,3.59637451171875,4.618125681939406,4.821572862437748,3.6069029172261566,4.616708050697187,0.977570712560808,0.9970810399533838,1.0003070653865591,1,S&P 100 subset
sampled-origin zero-shot foundation audit,hang_seng_largecap,2318.HK,adjusted_close,5,univariate close,chronos-t5-small,Chronos-T5-small zero-shot,,96,2.6469917067773348,1.884196142355601,4.079997617719291,2.704295563385912,1.893493890762329,4.064975752269317,0.9788100615241814,0.9950896337970306,1.0036954378981446,1,Hang Seng large-cap
sampled-origin zero-shot foundation audit,sp100_largecap,CAT,adjusted_close,10,univariate close,chronos-t5-small,Chronos-T5-small zero-shot,,96,34.61624635992488,25.4672966003418,5.557823983185747,35.36317078916678,25.548810640970867,5.50634835044908,0.9788784655738304,0.9968094780702492,1.0093484155851615,1,S&P 100 subset
sampled-origin zero-shot foundation audit,hang_seng_largecap,0669.HK,raw_close,10,univariate close,chronos-t5-small,Chronos-T5-small zero-shot,,96,6.608323721473867,5.021162271499633,5.076839128660538,6.741790879696781,5.274479150772094,5.320718164398019,0.9802030112466322,0.951973100654805,0.9541642635068844,1,Hang Seng large-cap
sampled-origin zero-shot foundation audit,dow30,WMT,adjusted_close,10,univariate close,chronos-t5-small,Chronos-T5-small zero-shot,,96,4.419208392706572,3.3891334533691397,3.651835942883376,4.5073811067107865,3.389907995859781,3.6327459985970982,0.9804381497999052,0.9997715151881444,1.0052549625802765,1,Dow 30
sampled-origin zero-shot foundation audit,sp100_largecap,GILD,raw_close,10,univariate close,chronos-t5-small,Chronos-T5-small zero-shot,,96,5.469229779108521,4.354031205177307,4.323335898294834,5.576880794008327,4.292291442553203,4.224154566731625,0.980696913045826,1.014383870119355,1.023479569697647,1,S&P 100 subset
sampled-origin zero-shot foundation audit,etf_basket,EFA,adjusted_close,5,univariate close,chronos-t5-small,Chronos-T5-small zero-shot,,96,1.6345778445312185,1.3235049247741697,1.568448706682991,1.66602070999985,1.3359717528025312,1.5889639046267574,0.981126966021548,0.9906683445947048,0.987088946524191,1,ETF basket
sampled-origin zero-shot foundation audit,sp100_largecap,HON,adjusted_close,10,univariate close,chronos-t5-small,Chronos-T5-small zero-shot,,96,8.481912387726958,6.387257575988767,3.1479860965042987,8.638852228186495,6.734889666239423,3.320759099526607,0.9818332532709056,0.9483834023305144,0.9479718347991763,1,S&P 100 subset
sampled-origin zero-shot foundation audit,etf_basket,EEM,raw_close,10,univariate close,chronos-t5-small,Chronos-T5-small zero-shot,,96,1.6992401566665485,1.28534722328186,2.6530950878657613,1.730670660879264,1.2695833841959638,2.6112363190351124,0.981839118832264,1.0124165448934883,1.0160302491679942,1,ETF basket
sampled-origin zero-shot foundation audit,dow30,MMM,raw_close,10,univariate close,chronos-t5-small,Chronos-T5-small zero-shot,,96,6.730689181491188,5.1348388989766445,3.8558301236438,6.85491448023879,5.221978028615316,3.886311422415332,0.9818779214378652,0.9833130033942756,0.992156753420294,1,Dow 30
sampled-origin zero-shot foundation audit,hang_seng_largecap,0941.HK,adjusted_close,10,univariate close,chronos-t5-small,Chronos-T5-small zero-shot,,96,1.9840131290709175,1.5944054921468098,2.1524320518391065,2.0202664157898784,1.6534395615259807,2.2231779724626324,0.982055195079414,0.964296203651564,0.9681780219578372,1,Hang Seng large-cap
sampled-origin zero-shot foundation audit,sp100_largecap,GS,raw_close,5,univariate close,chronos-t5-small,Chronos-T5-small zero-shot,,96,24.07810008308782,18.275083223978683,2.9544173876325077,24.516013982162328,19.0968770980835,2.9861807996508283,0.9821376387126745,0.9569671067220048,0.989363198630828,1,S&P 100 subset
sampled-origin zero-shot foundation audit,nasdaq_large_tech,ISRG,adjusted_close,1,univariate close,chronos-t5-small,Chronos-T5-small zero-shot,,96,9.38401612080728,6.021667480468754,1.2214700811913215,9.554293999437723,5.896353085835774,1.191023171277276,0.9821778690669908,1.0212528647468568,1.025563658750143,1,Nasdaq large-tech
sampled-origin zero-shot foundation audit,hang_seng_largecap,9618.HK,adjusted_close,5,univariate close,chronos-t5-small,Chronos-T5-small zero-shot,,96,6.2040730110023485,4.947638750076295,3.915582360436481,6.315948324930858,4.765478293100994,3.728312329531051,0.9822868541392422,1.0382250103287671,1.050229169220108,1,Hang Seng large-cap
full rolling-origin supervised audit,hang_seng_largecap,3690.HK,adjusted_close,5,technical,gru,GRU,777.0,367,7.271928266826245,5.564499337926548,4.439694268829916,7.400812840783576,5.572385690806699,4.395222178388429,0.9825850785947338,0.9985847438928784,1.0101182804046085,1,Hang Seng large-cap
full rolling-origin supervised audit,hang_seng_largecap,3690.HK,raw_close,5,technical,gru,GRU,777.0,367,7.271928266826245,5.564499337926548,4.439694268829916,7.400812840783576,5.572385690806699,4.395222178388429,0.9825850785947338,0.9985847438928784,1.0101182804046085,1,Hang Seng large-cap
sampled-origin zero-shot foundation audit,nasdaq_large_tech,HON,raw_close,5,univariate close,chronos-t5-small,Chronos-T5-small zero-shot,,96,5.933603922132489,4.346962769826253,2.1137355618239955,6.036984638253952,4.472569147745769,2.176817193298068,0.9828754382665842,0.9719162803815288,0.9710211626092046,1,Nasdaq large-tech
sampled-origin zero-shot foundation audit,nasdaq_large_tech,BKNG,raw_close,10,univariate close,chronos-t5-small,Chronos-T5-small zero-shot,,96,9.990134840185044,7.482738653818765,4.161897900645192,10.16285171545562,7.755542119344072,4.274218585709574,0.9830050776980334,0.96482470711559,0.9737213521461174,1,Nasdaq large-tech
sampled-origin zero-shot foundation audit,hang_seng_largecap,1810.HK,raw_close,1,univariate close,chronos-t5-small,Chronos-T5-small zero-shot,,96,1.2239321334446027,0.9076047142346704,2.122807338815061,1.244534358453817,0.936562637488048,2.1806831116039063,0.9834458366944484,0.9690806336978746,0.973459796849494,1,Hang Seng large-cap
full rolling-origin supervised audit,sp100_largecap,DIS,raw_close,10,technical,lstm,LSTM,123.0,561,5.937089231086589,4.354907085126309,4.130328333010746,6.034152137411501,4.431126849752077,4.2371029604777215,0.983914408501051,0.9827990109039574,0.9748000866481334,1,S&P 100 subset
full rolling-origin supervised audit,dow30,DIS,raw_close,10,technical,lstm,LSTM,123.0,561,5.937089231086589,4.354907085126309,4.130328333010746,6.034152137411501,4.431126849752077,4.2371029604777215,0.983914408501051,0.9827990109039574,0.9748000866481334,1,Dow 30
sampled-origin zero-shot foundation audit,etf_basket,GLD,raw_close,10,univariate close,chronos-t5-small,Chronos-T5-small zero-shot,,96,14.285534176449126,9.560633023579916,2.980522625282992,14.51172618783215,9.884896596272789,3.0870800318478064,0.9844131560604636,0.96719605819497,0.9654827845519012,1,ETF basket
sampled-origin zero-shot foundation audit,hang_seng_largecap,0762.HK,adjusted_close,5,univariate close,chronos-t5-small,Chronos-T5-small zero-shot,,96,0.3065225520568506,0.2189777145783107,2.976438245902348,0.311329847538568,0.2230244874954224,3.006668072872919,0.9845588352041256,0.9818550287344802,0.989945738525874,1,Hang Seng large-cap
sampled-origin zero-shot foundation audit,sp100_largecap,BA,adjusted_close,1,univariate close,chronos-t5-small,Chronos-T5-small zero-shot,,96,4.061504828995475,2.8521067301432304,1.4864638978919549,4.124910619430907,2.743854840596518,1.4173608672321645,0.9846285662198956,1.0394524841274688,1.0487547188986075,1,S&P 100 subset
sampled-origin zero-shot foundation audit,hang_seng_largecap,9618.HK,adjusted_close,1,univariate close,chronos-t5-small,Chronos-T5-small zero-shot,,96,3.1569511273743265,2.310418685277303,1.8235306000495584,3.2056826703454986,2.3010058403015154,1.805622371750192,0.984798388367642,1.0040907523183662,1.009918036340017,1,Hang Seng large-cap
sampled-origin zero-shot foundation audit,dow30,BA,raw_close,1,univariate close,chronos-t5-small,Chronos-T5-small zero-shot,,96,4.062684109807591,2.7290134429931627,1.4114137798837585,4.124910619430907,2.743854840596518,1.4173608672321645,0.9849144586721004,0.9945910412665532,0.9958041120748454,1,Dow 30
sampled-origin zero-shot foundation audit,dow30,UNH,adjusted_close,10,univariate close,chronos-t5-small,Chronos-T5-small zero-shot,,96,37.341587562261424,26.23720995585124,6.657990431196343,37.90281840167722,26.29391558965047,6.633781340192574,0.985192899549893,0.9978433933277876,1.003649365235645,1,Dow 30
full rolling-origin supervised audit,hang_seng_largecap,2020.HK,raw_close,10,ohlcv,lstm,LSTM,123.0,556,6.267030028454325,4.700604431920772,5.594812767057167,6.359223381699527,4.5956834340267045,5.407330414168774,0.9855024194447212,1.0228303362057591,1.034671887702134,1,Hang Seng large-cap
sampled-origin zero-shot foundation audit,hang_seng_largecap,0005.HK,adjusted_close,5,univariate close,chronos-t5-small,Chronos-T5-small zero-shot,,96,3.5118505061008816,2.4314765135447187,2.757749145773131,3.563438626867236,2.394235014915468,2.6668907410875606,0.9855229383277728,1.0155546545753635,1.034069039007019,1,Hang Seng large-cap
sampled-origin zero-shot foundation audit,sp100_largecap,COP,raw_close,10,univariate close,chronos-t5-small,Chronos-T5-small zero-shot,,96,5.636852001520841,4.598524808883668,4.408844598378614,5.718440702786366,4.669479370117188,4.457144546142574,0.985732351613654,0.9848046097627928,0.9891634773645022,1,S&P 100 subset
full rolling-origin supervised audit,hang_seng_largecap,9618.HK,raw_close,5,ohlcv,itransformer,iTransformer-style,42.0,288,6.757775030225415,4.822960482703315,3.7837003260257447,6.855422624116192,4.856249650319417,3.792393267075142,0.9857561525751496,0.993145087255983,0.9977077954639176,1,Hang Seng large-cap
sampled-origin zero-shot foundation audit,hang_seng_largecap,0941.HK,raw_close,10,univariate close,chronos-t5-small,Chronos-T5-small zero-shot,,96,2.174870390185625,1.7465598583221436,2.2499995476991974,2.206187717255827,1.7921868960062664,2.284513372966324,0.9858047767987956,0.9745411386581396,0.9848922638512236,1,Hang Seng large-cap
full rolling-origin supervised audit,hang_seng_largecap,2020.HK,adjusted_close,10,technical,timemixer,TimeMixer-style,123.0,549,6.0905201008302905,4.485594883208283,5.3903814520405255,6.177862380161455,4.463340821026041,5.384599296004791,0.9858620548732776,1.0049859652387303,1.0010738321865518,1,Hang Seng large-cap
sampled-origin zero-shot foundation audit,dow30,PG,adjusted_close,1,univariate close,chronos-t5-small,Chronos-T5-small zero-shot,,96,1.6155425697412642,1.1715482076009114,0.7599930093404929,1.6383797859317664,1.1486790974934895,0.7436770466280525,0.986061097441144,1.019909050453973,1.021939580879119,1,Dow 30
sampled-origin zero-shot foundation audit,hang_seng_largecap,1810.HK,adjusted_close,1,univariate close,chronos-t5-small,Chronos-T5-small zero-shot,,96,1.2272668088769272,0.9194889664649964,2.154879195335208,1.244534358453817,0.936562637488048,2.1806831116039063,0.9861252929984652,0.9817698567723726,0.9881670490630252,1,Hang Seng large-cap
sampled-origin zero-shot foundation audit,sp100_largecap,BK,raw_close,5,univariate close,chronos-t5-small,Chronos-T5-small zero-shot,,96,2.513771382203175,1.908432245254516,2.150562156135188,2.548209981512566,1.995832999547322,2.2282371338676983,0.9864851799658408,0.956208383009686,0.965140614276684,1,S&P 100 subset
sampled-origin zero-shot foundation audit,etf_basket,FXI,adjusted_close,1,univariate close,chronos-t5-small,Chronos-T5-small zero-shot,,96,0.5452540808840121,0.3921550909678142,1.253948708884734,0.5526444766517681,0.3971666495005293,1.2650152609450505,0.9866272149999016,0.9873817236693526,0.9912518430393882,1,ETF basket
sampled-origin zero-shot foundation audit,etf_basket,GLD,raw_close,5,univariate close,chronos-t5-small,Chronos-T5-small zero-shot,,96,9.730484248563434,6.634681383768719,2.090004884478135,9.861978710733023,6.853539943695069,2.138212554437749,0.9866665234202462,0.9680663479421768,0.977454219946674,1,ETF basket
full rolling-origin supervised audit,hang_seng_largecap,9618.HK,adjusted_close,5,technical,itransformer,iTransformer-style,123.0,281,6.701760394062165,4.883961443375014,3.906345109221839,6.791431238434023,4.819372495015462,3.780983067948087,0.9867964731992878,1.0134019415237885,1.033155938289294,1,Hang Seng large-cap
sampled-origin zero-shot foundation audit,sp100_largecap,IBM,adjusted_close,10,univariate close,chronos-t5-small,Chronos-T5-small zero-shot,,96,13.519412384484042,10.665799617767334,4.680931259399839,13.700227078992866,10.644398530324295,4.63454985394663,0.9868020658733404,1.0020105492463542,1.0100077476594005,1,S&P 100 subset
sampled-origin zero-shot foundation audit,dow30,AMGN,adjusted_close,1,univariate close,chronos-t5-small,Chronos-T5-small zero-shot,,96,5.0573818099196,3.4385644594828264,1.1641187454881825,5.124782490943008,3.4305208524068185,1.1612736244036623,0.9868480894276928,1.0023447188989871,1.0024500006068606,1,Dow 30
full rolling-origin supervised audit,sp100_largecap,DIS,raw_close,10,technical,lstm,LSTM,42.0,561,5.956598305187975,4.365597879610385,4.136607406759286,6.034152137411501,4.431126849752077,4.2371029604777215,0.9871475179184338,0.9852116690937524,0.9762820128149294,1,S&P 100 subset
full rolling-origin supervised audit,dow30,DIS,raw_close,10,technical,lstm,LSTM,42.0,561,5.956598305187975,4.365597879610385,4.136607406759286,6.034152137411501,4.431126849752077,4.2371029604777215,0.9871475179184338,0.9852116690937524,0.9762820128149294,1,Dow 30
sampled-origin zero-shot foundation audit,hang_seng_largecap,0016.HK,raw_close,10,univariate close,chronos-t5-small,Chronos-T5-small zero-shot,,96,5.034670573885551,3.8667616844177246,4.256379324375105,5.099358967780865,3.8078124523162846,4.204906759919517,0.987314406711896,1.0154811280333886,1.0122410715372374,1,Hang Seng large-cap
sampled-origin zero-shot foundation audit,hang_seng_largecap,0005.HK,raw_close,10,univariate close,chronos-t5-small,Chronos-T5-small zero-shot,,96,4.674318627449484,3.3752077023188285,3.643786537272194,4.733397656187114,3.5072918335596728,3.7580191135452576,0.9875186846682096,0.9623401366327742,0.9696029815651208,1,Hang Seng large-cap
sampled-origin zero-shot foundation audit,hang_seng_largecap,0883.HK,raw_close,1,univariate close,chronos-t5-small,Chronos-T5-small zero-shot,,96,0.4034651613299091,0.3113274176915488,1.5298192582133556,0.408457489264504,0.303958336512248,1.4824436837535446,0.9877776070562828,1.024243721241065,1.031957756627797,1,Hang Seng large-cap
sampled-origin zero-shot foundation audit,sp100_largecap,CMCSA,adjusted_close,5,univariate close,chronos-t5-small,Chronos-T5-small zero-shot,,96,1.1611127480226886,0.83093253771464,2.6014765890181053,1.1752410315368913,0.8090307315190634,2.544865487979288,0.98797839495467,1.027071661609755,1.0222452232961707,1,S&P 100 subset
sampled-origin zero-shot foundation audit,nasdaq_large_tech,NVDA,raw_close,5,univariate close,chronos-t5-small,Chronos-T5-small zero-shot,,96,8.40307749387539,6.64207665125529,5.206265096073878,8.500301375084865,6.895093242327373,5.352688769683803,0.9885623018620908,0.963304834005888,0.9726448370323286,1,Nasdaq large-tech
sampled-origin zero-shot foundation audit,sp100_largecap,CVS,raw_close,5,univariate close,chronos-t5-small,Chronos-T5-small zero-shot,,96,3.0455927328526555,2.313964207967122,3.607498800801459,3.078490846476168,2.34499982992808,3.638677835762084,0.9893135580827956,0.9867651922337624,0.9914312185997376,1,S&P 100 subset
full rolling-origin supervised audit,hang_seng_largecap,0992.HK,raw_close,10,technical,itransformer,iTransformer-style,42.0,549,0.9316377738253993,0.6610412328403938,6.566173735549934,0.9413681381992782,0.6906654817594898,6.945341205256864,0.9896635928293772,0.957107674117972,0.945406934158981,1,Hang Seng large-cap
sampled-origin zero-shot foundation audit,nasdaq_large_tech,META,raw_close,5,univariate close,chronos-t5-small,Chronos-T5-small zero-shot,,96,30.45075263806676,23.15736548105876,3.929677592349909,30.7632978329453,23.13083267211914,3.930244992560195,0.9898403221730072,1.0011470753913498,0.9998556323559066,1,Nasdaq large-tech
sampled-origin zero-shot foundation audit,hang_seng_largecap,0386.HK,raw_close,10,univariate close,chronos-t5-small,Chronos-T5-small zero-shot,,96,0.2677818717250856,0.2018730913599332,4.427106661270771,0.2704163509866389,0.202083316942056,4.416389913163838,0.9902576924363444,0.998959708375219,1.002426585586338,1,Hang Seng large-cap
sampled-origin zero-shot foundation audit,hang_seng_largecap,0762.HK,raw_close,10,univariate close,chronos-t5-small,Chronos-T5-small zero-shot,,96,0.4846261463584227,0.3559715201457341,4.580773327757181,0.4893927285981709,0.3644791841506958,4.636101982470394,0.9902602103357732,0.97665802499864,0.9880656950769382,1,Hang Seng large-cap
sampled-origin zero-shot foundation audit,hang_seng_largecap,2269.HK,raw_close,10,univariate close,chronos-t5-small,Chronos-T5-small zero-shot,,96,2.8824655155960897,2.239945580561956,8.855076460596463,2.910625787346921,2.29666676123937,9.020289555624345,0.9903250112490416,0.9753028251051952,0.9816842803095088,1,Hang Seng large-cap
sampled-origin zero-shot foundation audit,nasdaq_large_tech,GOOG,adjusted_close,5,univariate close,chronos-t5-small,Chronos-T5-small zero-shot,,96,10.040339669531887,7.178949356079104,3.3623286118131333,10.137220289803889,7.308974107106529,3.4666350283146503,0.990443078328934,0.9822102597270111,0.9699113360219443,1,Nasdaq large-tech
sampled-origin zero-shot foundation audit,sp100_largecap,COST,raw_close,10,univariate close,chronos-t5-small,Chronos-T5-small zero-shot,,96,37.80155612514927,29.23163032531738,3.1981286450817894,38.15187703017319,28.52280871073405,3.116212415742996,0.9908177281881344,1.02485104541323,1.0262871134602236,1,S&P 100 subset
sampled-origin zero-shot foundation audit,sp100_largecap,GILD,adjusted_close,10,univariate close,chronos-t5-small,Chronos-T5-small zero-shot,,96,5.382373544109683,4.12454875310262,4.2239994161608365,5.43031288381242,4.146041552225748,4.215795552518442,0.9911719010067278,0.9948160676027016,1.0019459823276995,1,S&P 100 subset
sampled-origin zero-shot foundation audit,sp100_largecap,BK,raw_close,1,univariate close,chronos-t5-small,Chronos-T5-small zero-shot,,96,1.2903316312756477,0.9079844156901048,1.036624905004866,1.3011141045591912,0.8891662756601978,1.004975474018518,0.9917128918626268,1.0211638031547414,1.031492739678307,1,S&P 100 subset
sampled-origin zero-shot foundation audit,nasdaq_large_tech,AVGO,adjusted_close,10,univariate close,chronos-t5-small,Chronos-T5-small zero-shot,,96,22.412297378404794,15.655718008677164,6.773965726618957,22.59644049397297,16.278512716293335,7.039860871238901,0.9918507910297956,0.961741301648964,0.9622300568884466,1,Nasdaq large-tech
sampled-origin zero-shot foundation audit,sp100_largecap,AAPL,raw_close,5,univariate close,chronos-t5-small,Chronos-T5-small zero-shot,,96,7.779469933507723,6.354933261871337,2.861773379797235,7.841158115067534,6.263123830159508,2.824323980727947,0.9921327716321304,1.014658728487808,1.0132595974558258,1,S&P 100 subset
