completed_at,dataset,ticker,price_mode,horizon,model_type,model_id,max_origins,context_length,num_samples,device,test_origins,test_RMSE,test_MAE,test_MAPE,latest_RMSE,latest_MAE,latest_MAPE,RMSE_ratio_vs_latest,MAE_ratio_vs_latest,MAPE_ratio_vs_latest,passes_latest_rmse_gate
2026-05-18T22:46:40,dow30,MMM,raw_close,1,chronos-t5-small-full-origin-subset,amazon/chronos-t5-small,10000,512,20,cuda,570,2.634474412810257,1.7563271773488898,1.2975604381971493,2.5747701968899626,1.6916883368241158,1.2492513901831075,1.0231881726735887,1.038209662570662,1.038670397642672,0
2026-05-18T22:46:42,dow30,MMM,raw_close,5,chronos-t5-small-full-origin-subset,amazon/chronos-t5-small,10000,512,20,cuda,569,5.568469121787997,4.0357232253036095,2.9821342497234986,5.470402444921533,3.8857299456068417,2.8688441928330572,1.0179267755624641,1.0386010561198027,1.0394897907573588,0
2026-05-18T22:46:46,dow30,MMM,raw_close,10,chronos-t5-small-full-origin-subset,amazon/chronos-t5-small,10000,512,20,cuda,568,7.5323589250604,5.72426516573194,4.271658001923096,7.390744617312286,5.515190017055457,4.118644920999404,1.0191610338444643,1.0379089656076994,1.0371513164787614,0
2026-05-18T22:46:47,dow30,MMM,adjusted_close,1,chronos-t5-small-full-origin-subset,amazon/chronos-t5-small,10000,512,20,cuda,570,2.581773835529244,1.74582878246642,1.3117658299163621,2.521288284552104,1.6580041048819558,1.2480944241071874,1.023989938535682,1.05297012071675,1.0510148948503808,0
2026-05-18T22:46:49,dow30,MMM,adjusted_close,5,chronos-t5-small-full-origin-subset,amazon/chronos-t5-small,10000,512,20,cuda,569,5.435789214437587,3.911763075575468,2.930373891106352,5.3533463814145055,3.793475668962475,2.850034806707801,1.0154002426051305,1.0311818018448884,1.028188808154015,0
2026-05-18T22:46:54,dow30,MMM,adjusted_close,10,chronos-t5-small-full-origin-subset,amazon/chronos-t5-small,10000,512,20,cuda,568,7.254611717013056,5.433949873480998,4.129103039773922,7.250162920758098,5.4025059283619195,4.101795590241688,1.000613613280637,1.0058202518490549,1.0066574379272335,0
2026-05-18T22:46:55,dow30,AXP,raw_close,1,chronos-t5-small-full-origin-subset,amazon/chronos-t5-small,10000,512,20,cuda,570,5.318743134628948,3.700679631818805,1.2836024326303022,5.190084100679813,3.5410522728635554,1.2292975465216818,1.0247893928987168,1.0450790744261347,1.0441755425789931,0
2026-05-18T22:46:57,dow30,AXP,raw_close,5,chronos-t5-small-full-origin-subset,amazon/chronos-t5-small,10000,512,20,cuda,569,11.31925825676061,8.6742888653425,3.013405458754085,10.992292211039889,8.40692409522085,2.9307678297809256,1.0297450285566772,1.031802924243558,1.0281965797950419,0
2026-05-18T22:47:01,dow30,AXP,raw_close,10,chronos-t5-small-full-origin-subset,amazon/chronos-t5-small,10000,512,20,cuda,568,15.745679016732602,12.498651719429123,4.342101875550748,15.128617230889601,12.047588455844933,4.1943005996679075,1.040787718826218,1.0374401288056412,1.0352385987533996,0
2026-05-18T22:47:02,dow30,AXP,adjusted_close,1,chronos-t5-small-full-origin-subset,amazon/chronos-t5-small,10000,512,20,cuda,570,5.286324701180502,3.7231820357473273,1.305320910966565,5.134860627339539,3.501839406866776,1.2291885318462354,1.0294972122582104,1.0632075327173824,1.0619371049662978,0
2026-05-18T22:47:05,dow30,AXP,adjusted_close,5,chronos-t5-small-full-origin-subset,amazon/chronos-t5-small,10000,512,20,cuda,569,11.365978437577455,8.826390056911798,3.1139424116212107,10.872999283010534,8.31925835634577,2.9325333003550615,1.0453397578474248,1.0609587632507167,1.0618608870508597,0
2026-05-18T22:47:09,dow30,AXP,adjusted_close,10,chronos-t5-small-full-origin-subset,amazon/chronos-t5-small,10000,512,20,cuda,568,15.721896177985208,12.493827766096087,4.404549278722055,14.993018864307544,11.936359244333186,4.201202233502096,1.0486144465150267,1.0467033967687895,1.048402108234254,0
2026-05-18T22:47:17,nasdaq_large_tech,AAPL,raw_close,1,chronos-t5-small-full-origin-subset,amazon/chronos-t5-small,10000,512,20,cuda,570,3.816903547248191,2.66043735972622,1.1953513471623463,3.750140138378198,2.568210133335044,1.153059802626477,1.0178029103997341,1.0359110904493671,1.0366776679228054,0
2026-05-18T22:47:20,nasdaq_large_tech,AAPL,raw_close,5,chronos-t5-small-full-origin-subset,amazon/chronos-t5-small,10000,512,20,cuda,569,8.995965528806343,6.903283680679509,3.091852116108506,8.785372705297599,6.650966356005946,2.9760699812220524,1.0239708468351896,1.0379369419671949,1.0389043724163067,0
2026-05-18T22:47:23,nasdaq_large_tech,AAPL,raw_close,10,chronos-t5-small-full-origin-subset,amazon/chronos-t5-small,10000,512,20,cuda,568,11.995585547643833,9.44309656384965,4.200897194403281,11.49532171114637,8.969154734007072,3.9853325545682092,1.0435189070013051,1.0528413037680797,1.054089498651243,0
2026-05-18T22:47:25,nasdaq_large_tech,AAPL,adjusted_close,1,chronos-t5-small-full-origin-subset,amazon/chronos-t5-small,10000,512,20,cuda,570,3.8705359166585644,2.6751456545110335,1.2041333503225402,3.7324389803536584,2.555287919964708,1.1532631357347978,1.0369991142606225,1.0469057649472162,1.0441098072170065,0
2026-05-18T22:47:27,nasdaq_large_tech,AAPL,adjusted_close,5,chronos-t5-small-full-origin-subset,amazon/chronos-t5-small,10000,512,20,cuda,569,8.918599768823567,6.831332563725423,3.0761549332640694,8.754042258480544,6.627964629858786,2.980914207436781,1.0187978885050055,1.0306833161043847,1.0319501734030727,0
2026-05-18T22:47:31,nasdaq_large_tech,AAPL,adjusted_close,10,chronos-t5-small-full-origin-subset,amazon/chronos-t5-small,10000,512,20,cuda,568,11.830219838878337,9.277530213476906,4.1503666183876735,11.454464568448408,8.933085240108866,3.989873818012969,1.0328042631922714,1.0385583439662602,1.0402250315912578,0
2026-05-18T22:47:32,nasdaq_large_tech,MSFT,raw_close,1,chronos-t5-small-full-origin-subset,amazon/chronos-t5-small,10000,512,20,cuda,570,6.665928686806065,4.792702283357321,1.1061161163320148,6.540898699505418,4.564438937003153,1.056098281423847,1.0191151083428491,1.050009070009388,1.0473609661032048,0
2026-05-18T22:47:34,nasdaq_large_tech,MSFT,raw_close,5,chronos-t5-small-full-origin-subset,amazon/chronos-t5-small,10000,512,20,cuda,569,15.1034296415948,11.476086554502144,2.6577765729457257,14.475605802053849,11.046450060155564,2.5625351043195588,1.0433711616719954,1.0388936257355903,1.0371668932322613,0
2026-05-18T22:47:38,nasdaq_large_tech,MSFT,raw_close,10,chronos-t5-small-full-origin-subset,amazon/chronos-t5-small,10000,512,20,cuda,568,20.724560336659756,16.207767217931615,3.7501163200297305,20.10579571015775,15.522605627355441,3.588168200470455,1.030775435870434,1.0441395991771327,1.0451339264246426,0
2026-05-18T22:47:40,nasdaq_large_tech,MSFT,adjusted_close,1,chronos-t5-small-full-origin-subset,amazon/chronos-t5-small,10000,512,20,cuda,570,6.789217897012961,4.8376220703125,1.1287069912309111,6.495947730676856,4.529965745357045,1.0563389400699783,1.0451466327155232,1.0679158170833378,1.068508362624726,0
2026-05-18T22:47:42,nasdaq_large_tech,MSFT,adjusted_close,5,chronos-t5-small-full-origin-subset,amazon/chronos-t5-small,10000,512,20,cuda,569,14.74935362460215,11.340628947440685,2.656049404313969,14.369995854804463,10.9572905153298,2.5613208790635014,1.0263992957013173,1.0349847831062409,1.0369842474735549,0
2026-05-18T22:47:46,nasdaq_large_tech,MSFT,adjusted_close,10,chronos-t5-small-full-origin-subset,amazon/chronos-t5-small,10000,512,20,cuda,568,20.61581169909396,15.847034293161311,3.6992867445136057,19.96754693001353,15.393983760350187,3.5854226373825746,1.0324659193917314,1.0294303631772064,1.0317575133106633,0
2026-05-18T22:47:55,sp100_largecap,AAPL,raw_close,1,chronos-t5-small-full-origin-subset,amazon/chronos-t5-small,10000,512,20,cuda,570,3.8965608310825974,2.6956594366776314,1.2077330492748892,3.750140138378198,2.568210133335044,1.153059802626477,1.0390440589688794,1.0496257302657253,1.04741579450075,0
2026-05-18T22:47:57,sp100_largecap,AAPL,raw_close,5,chronos-t5-small-full-origin-subset,amazon/chronos-t5-small,10000,512,20,cuda,569,8.836656979380194,6.732012328028889,3.0121889179837256,8.785372705297599,6.650966356005946,2.9760699812220524,1.0058374614035066,1.0121855934438395,1.0121364541121582,0
2026-05-18T22:48:01,sp100_largecap,AAPL,raw_close,10,chronos-t5-small-full-origin-subset,amazon/chronos-t5-small,10000,512,20,cuda,568,11.976795648132393,9.337191433973715,4.144826634134486,11.49532171114637,8.969154734007072,3.9853325545682092,1.0418843377405578,1.0410335991385242,1.0400202686682838,0
2026-05-18T22:48:02,sp100_largecap,AAPL,adjusted_close,1,chronos-t5-small-full-origin-subset,amazon/chronos-t5-small,10000,512,20,cuda,570,3.853372050030091,2.6770966914662138,1.207489245887797,3.7324389803536584,2.555287919964708,1.1532631357347978,1.0324005483580534,1.047669294152648,1.0470197203680227,0
2026-05-18T22:48:05,sp100_largecap,AAPL,adjusted_close,5,chronos-t5-small-full-origin-subset,amazon/chronos-t5-small,10000,512,20,cuda,569,8.957954875557398,6.791258907485721,3.05093995004317,8.754042258480544,6.627964629858786,2.980914207436781,1.0232935381228383,1.0246371679310566,1.0234913646396426,0
2026-05-18T22:48:09,sp100_largecap,AAPL,adjusted_close,10,chronos-t5-small-full-origin-subset,amazon/chronos-t5-small,10000,512,20,cuda,568,11.740811371083065,9.18722746405803,4.106282913753492,11.454464568448408,8.933085240108866,3.989873818012969,1.0249987069167255,1.0284495465024877,1.0291761346474102,0
2026-05-18T22:48:10,sp100_largecap,ABBV,raw_close,1,chronos-t5-small-full-origin-subset,amazon/chronos-t5-small,10000,512,20,cuda,570,3.27545257315732,2.279980441980195,1.1716724957082936,3.1974382654368934,2.1974210237201883,1.1289385673372554,1.0243990035910098,1.0375710514138228,1.0378531920225134,0
2026-05-18T22:48:12,sp100_largecap,ABBV,raw_close,5,chronos-t5-small-full-origin-subset,amazon/chronos-t5-small,10000,512,20,cuda,569,7.261231266839394,5.23887551145101,2.721854475556815,7.20636993989436,5.13140611698841,2.6635861194208044,1.0076128935098547,1.0209434591635231,1.0218759047102561,0
2026-05-18T22:48:16,sp100_largecap,ABBV,raw_close,10,chronos-t5-small-full-origin-subset,amazon/chronos-t5-small,10000,512,20,cuda,568,10.228022851066942,7.715739666576117,4.001492615689607,10.042806415329435,7.537429648385921,3.9123599793277695,1.0184426969989973,1.0236566079563183,1.0227823198358021,0
2026-05-18T22:48:17,sp100_largecap,ABBV,adjusted_close,1,chronos-t5-small-full-origin-subset,amazon/chronos-t5-small,10000,512,20,cuda,570,3.125551449053702,2.1570648728755484,1.1482801367687578,3.070413825985339,2.0939325700726426,1.1152328476699518,1.0179577171655905,1.0301501126183426,1.029632636061475,0
2026-05-18T22:48:20,sp100_largecap,ABBV,adjusted_close,5,chronos-t5-small-full-origin-subset,amazon/chronos-t5-small,10000,512,20,cuda,569,7.123069203580292,5.132612633998448,2.7711484424896202,6.897397950893491,4.8805828932509066,2.6301060851152473,1.032718317007875,1.0516392706076276,1.0536261096738966,0
2026-05-18T22:48:24,sp100_largecap,ABBV,adjusted_close,10,chronos-t5-small-full-origin-subset,amazon/chronos-t5-small,10000,512,20,cuda,568,9.773194828630501,7.2948477301799075,3.9351748867893144,9.580792955466318,7.156233747240521,3.8590676796544416,1.0200820406054603,1.0193696835284114,1.0197216564861302,0
2026-05-18T22:48:32,hang_seng_largecap,0001.HK,raw_close,1,chronos-t5-small-full-origin-subset,amazon/chronos-t5-small,10000,512,20,cuda,558,0.8646178117730444,0.5777094851257981,1.22151773780126,0.8430270255817117,0.5515233385092897,1.1677863567717608,1.0256110249566845,1.0474796709188896,1.0460113108171898,0
2026-05-18T22:48:35,hang_seng_largecap,0001.HK,raw_close,5,chronos-t5-small-full-origin-subset,amazon/chronos-t5-small,10000,512,20,cuda,557,1.9936827673543185,1.4389922041011243,3.0911600279040554,1.927431285670253,1.3484740471283452,2.89099121391472,1.0343729409066986,1.0671263619537528,1.0692388178234153,0
2026-05-18T22:48:38,hang_seng_largecap,0001.HK,raw_close,10,chronos-t5-small-full-origin-subset,amazon/chronos-t5-small,10000,512,20,cuda,556,2.640661906504217,1.952909373550964,4.171690420365446,2.604572028380621,1.9125899925506373,4.087203329158106,1.0138563563343015,1.0210810373145143,1.020671125070928,0
2026-05-18T22:48:40,hang_seng_largecap,0001.HK,adjusted_close,1,chronos-t5-small-full-origin-subset,amazon/chronos-t5-small,10000,512,20,cuda,558,0.8505225826982356,0.5637284965925319,1.2392669468668107,0.8108075720495352,0.5271043401465194,1.155491281589364,1.0489820421241378,1.0694817964045449,1.072502204570695,0
2026-05-18T22:48:42,hang_seng_largecap,0001.HK,adjusted_close,5,chronos-t5-small-full-origin-subset,amazon/chronos-t5-small,10000,512,20,cuda,557,1.8801794554880014,1.3247422333037617,2.947246625150612,1.8373112781426588,1.2745573019852972,2.8328184214657077,1.0233320166567954,1.0393744017944855,1.0403937657344444,0
2026-05-18T22:48:46,hang_seng_largecap,0001.HK,adjusted_close,10,chronos-t5-small-full-origin-subset,amazon/chronos-t5-small,10000,512,20,cuda,556,2.4895684926638513,1.8449112494214832,4.086888617094071,2.494859213362134,1.813411843004844,4.0146808326176044,0.9978793509990678,1.01737024412747,1.0179859339974946,1
2026-05-18T22:48:47,hang_seng_largecap,0002.HK,raw_close,1,chronos-t5-small-full-origin-subset,amazon/chronos-t5-small,10000,512,20,cuda,558,0.6566591315035643,0.48015802308222727,0.7206219395193108,0.6204404252930712,0.44910396726327995,0.6740804821306015,1.0583758000510441,1.069146696717427,1.0690443628357305,0
2026-05-18T22:48:49,hang_seng_largecap,0002.HK,raw_close,5,chronos-t5-small-full-origin-subset,amazon/chronos-t5-small,10000,512,20,cuda,557,1.3001605487731989,1.007151934146025,1.5102130500457385,1.2560429026417494,0.9702873093007497,1.4565373841299702,1.0351243146541091,1.0379935143868289,1.0368515538980347,0
2026-05-18T22:48:53,hang_seng_largecap,0002.HK,raw_close,10,chronos-t5-small-full-origin-subset,amazon/chronos-t5-small,10000,512,20,cuda,556,1.8215282879343366,1.4200128994399694,2.123753233847495,1.6982206025224407,1.3272482508378063,1.9820792592325764,1.0726099337322499,1.0698924625017263,1.071477451749216,0
2026-05-18T22:48:54,hang_seng_largecap,0002.HK,adjusted_close,1,chronos-t5-small-full-origin-subset,amazon/chronos-t5-small,10000,512,20,cuda,558,0.5805643708793417,0.43706443403784084,0.6973111324772985,0.5633226471683744,0.41028726229103657,0.6547417244892826,1.0306071907416385,1.0652644481266151,1.0650170997139692,0
2026-05-18T22:48:56,hang_seng_largecap,0002.HK,adjusted_close,5,chronos-t5-small-full-origin-subset,amazon/chronos-t5-small,10000,512,20,cuda,557,1.1888040903010015,0.9234161856358526,1.4754157481142263,1.1531867641148166,0.8947237107227264,1.4268595524888912,1.0308859998176658,1.0320685308428335,1.0340301156765135,0
2026-05-18T22:49:00,hang_seng_largecap,0002.HK,adjusted_close,10,chronos-t5-small-full-origin-subset,amazon/chronos-t5-small,10000,512,20,cuda,556,1.6075360910075351,1.2379635117894454,1.9710880779639883,1.558240090853934,1.2027588988379607,1.9047816726325446,1.0316356898034797,1.0292698835863925,1.0348105015310252,0
2026-05-18T22:49:09,etf_basket,SPY,raw_close,1,chronos-t5-small-full-origin-subset,amazon/chronos-t5-small,10000,512,20,cuda,570,5.961671945740021,4.183871406421327,0.7085451085327383,5.8186588748914945,3.9598774157072367,0.6717341253427926,1.0245783562713484,1.0565658901019501,1.054799930212211,0
2026-05-18T22:49:11,etf_basket,SPY,raw_close,5,chronos-t5-small-full-origin-subset,amazon/chronos-t5-small,10000,512,20,cuda,569,12.320733611685904,9.210373005255246,1.5601142448920862,12.051439633302731,9.049349283711143,1.5345570116363156,1.022345378359529,1.0177939558409959,1.0166544697016624,0
2026-05-18T22:49:15,etf_basket,SPY,raw_close,10,chronos-t5-small-full-origin-subset,amazon/chronos-t5-small,10000,512,20,cuda,568,16.405444825132445,12.177725617314728,2.0700112784904587,16.633133882809396,12.594031213035047,2.1392219491115734,0.9863111149539732,0.9669442143918593,0.967646802310598,1
2026-05-18T22:49:16,etf_basket,SPY,adjusted_close,1,chronos-t5-small-full-origin-subset,amazon/chronos-t5-small,10000,512,20,cuda,570,5.920184557386228,4.107784177545916,0.7061994690941469,5.747964205023372,3.9034067254317444,0.6702429061002487,1.0299619737040717,1.0523587385302684,1.0536470623808738,0
2026-05-18T22:49:19,etf_basket,SPY,adjusted_close,5,chronos-t5-small-full-origin-subset,amazon/chronos-t5-small,10000,512,20,cuda,569,12.225243716937392,9.133657445388016,1.5682053099154651,11.939493747514236,8.98377339073141,1.542672736584208,1.0239331730026366,1.0166838641334432,1.016550868324666,0
2026-05-18T22:49:23,etf_basket,SPY,adjusted_close,10,chronos-t5-small-full-origin-subset,amazon/chronos-t5-small,10000,512,20,cuda,568,16.64445014640005,12.288800414179413,2.114233225227793,16.494945703593025,12.548303792174433,2.158850190141191,1.0090636517084417,0.9793196449262843,0.9793329962786903,0
2026-05-18T22:49:24,etf_basket,QQQ,raw_close,1,chronos-t5-small-full-origin-subset,amazon/chronos-t5-small,10000,512,20,cuda,570,6.7249165699620495,4.921109811883223,0.9511899954924626,6.518011266204133,4.664544410036322,0.9037856413599675,1.0317436247511138,1.0550033142132533,1.0524508821153251,0
2026-05-18T22:49:26,etf_basket,QQQ,raw_close,5,chronos-t5-small-full-origin-subset,amazon/chronos-t5-small,10000,512,20,cuda,569,14.359401700628686,11.045730617637165,2.1385088434823665,13.807445381059683,10.718735143463725,2.072173013000006,1.0399752672805171,1.030506908678758,1.0320126891269192,0
2026-05-18T22:49:30,etf_basket,QQQ,raw_close,10,chronos-t5-small-full-origin-subset,amazon/chronos-t5-small,10000,512,20,cuda,568,19.804700949006946,14.736513379593971,2.8557654804562858,19.305466248740604,14.730071161834287,2.845569129307481,1.0258597587768132,1.0004373514349596,1.0035832378991567,0
2026-05-18T22:49:31,etf_basket,QQQ,adjusted_close,1,chronos-t5-small-full-origin-subset,amazon/chronos-t5-small,10000,512,20,cuda,570,6.693641303341157,4.849817537006579,0.9476283811240755,6.489558769577218,4.6469043932463,0.90535634421428,1.0314478288910287,1.0436663048319195,1.0466910484252272,0
2026-05-18T22:49:34,etf_basket,QQQ,adjusted_close,5,chronos-t5-small-full-origin-subset,amazon/chronos-t5-small,10000,512,20,cuda,569,14.325873236059811,10.955401965310578,2.132950238142719,13.74783139790728,10.672886960745277,2.074800673240484,1.0420460377656742,1.0264703454280353,1.0280265789635663,0
2026-05-18T22:49:38,etf_basket,QQQ,adjusted_close,10,chronos-t5-small-full-origin-subset,amazon/chronos-t5-small,10000,512,20,cuda,568,20.203383305573396,14.96874570174956,2.915951759848223,19.224916116348826,14.687791421379842,2.8533801854235255,1.050895784579912,1.019128422531978,1.02192893002634,0
